Car,Flag Time,Last Pit
38,27940,38.852700000000006
19,36360,240.45418333333333
74,65440,48.2546166666667
19,68460,775.4541833333334
47,70540,24.03866666666678
