Car,Flag Time,Last Pit
38,27940,8.67546666666664
19,36360,18.676083333333374
74,65440,61.685516666666686
19,68460,3.046883333333244
47,70540,17.31816666666661
