Car,Flag Time,Last Pit
38,8960,40.26345
52,35540,1.0825833333333625
73,54240,19.04474999999996
